,predicted,time,stock_code
0,极度正面,2023-04-14 09:00:00+08:00,600031.SH
1,极度负面,2023-04-17 09:00:00+08:00,600036.SH
2,极度正面,2023-04-17 09:00:00+08:00,600887.SH
3,极度负面,2023-04-17 09:00:00+08:00,600570.SH
4,极度负面,2023-04-18 09:00:00+08:00,601668.SH
5,极度正面,2023-04-18 09:00:00+08:00,601668.SH
6,中性,2023-04-18 09:00:00+08:00,601668.SH
7,中性,2023-04-18 09:00:00+08:00,601668.SH
8,极度负面,2023-04-18 09:00:00+08:00,601668.SH
9,中性,2023-04-18 09:00:00+08:00,601668.SH
10,极度负面,2023-04-18 09:00:00+08:00,601668.SH
11,极度负面,2023-04-18 09:00:00+08:00,601668.SH
12,极度负面,2023-04-18 09:00:00+08:00,600887.SH
13,极度负面,2023-04-18 09:00:00+08:00,601668.SH
14,极度负面,2023-04-18 09:00:00+08:00,601668.SH
15,中性,2023-04-18 09:00:00+08:00,601668.SH
16,极度负面,2023-04-18 09:00:00+08:00,601668.SH
17,极度正面,2023-04-18 09:00:00+08:00,601668.SH
18,极度负面,2023-04-18 09:00:00+08:00,601668.SH
19,极度正面,2023-04-18 09:00:00+08:00,601668.SH
20,极度负面,2023-04-18 09:00:00+08:00,601668.SH
21,极度负面,2023-04-18 09:00:00+08:00,601668.SH
22,极度负面,2023-04-18 09:00:00+08:00,601668.SH
23,极度负面,2023-04-18 09:00:00+08:00,601668.SH
24,极度正面,2023-04-18 09:00:00+08:00,601668.SH
25,极度正面,2023-04-18 09:00:00+08:00,601668.SH
26,极度负面,2023-04-18 09:00:00+08:00,601668.SH
27,极度负面,2023-04-18 09:00:00+08:00,601668.SH
28,极度负面,2023-04-18 09:00:00+08:00,601668.SH
29,中性,2023-04-18 09:00:00+08:00,601668.SH
30,极度负面,2023-04-18 09:00:00+08:00,601668.SH
31,极度正面,2023-04-19 09:00:00+08:00,601390.SH
32,极度正面,2023-04-19 09:00:00+08:00,600050.SH
33,极度正面,2023-04-19 09:00:00+08:00,600050.SH
34,极度负面,2023-04-19 09:00:00+08:00,600050.SH
35,极度负面,2023-04-19 09:00:00+08:00,600887.SH
36,极度负面,2023-04-20 09:00:00+08:00,600887.SH
37,极度正面,2023-04-20 09:00:00+08:00,600346.SH
38,极度正面,2023-04-21 09:00:00+08:00,600346.SH
39,极度正面,2023-04-21 09:00:00+08:00,600050.SH
40,极度负面,2023-04-25 09:00:00+08:00,601390.SH
41,极度正面,2023-04-25 09:00:00+08:00,601390.SH
42,极度负面,2023-04-25 09:00:00+08:00,600887.SH
43,极度负面,2023-04-25 09:00:00+08:00,600887.SH
44,极度负面,2023-04-25 09:00:00+08:00,600570.SH
45,极度正面,2023-04-25 09:00:00+08:00,600570.SH
46,极度负面,2023-04-25 09:00:00+08:00,600036.SH
47,极度负面,2023-04-25 09:00:00+08:00,600036.SH
48,极度负面,2023-04-25 09:00:00+08:00,600570.SH
49,极度负面,2023-04-25 09:00:00+08:00,600036.SH
50,极度正面,2023-04-25 09:00:00+08:00,600036.SH
51,极度负面,2023-04-25 09:00:00+08:00,600104.SH
52,极度正面,2023-04-25 09:00:00+08:00,603160.SH
53,极度正面,2023-04-25 09:00:00+08:00,600031.SH
54,极度负面,2023-04-25 09:00:00+08:00,600031.SH
55,极度正面,2023-04-25 09:00:00+08:00,601390.SH
56,极度负面,2023-04-25 09:00:00+08:00,600036.SH
57,极度正面,2023-04-26 09:00:00+08:00,600050.SH
58,极度负面,2023-04-26 09:00:00+08:00,600031.SH
59,极度负面,2023-04-26 09:00:00+08:00,600031.SH
60,极度负面,2023-04-27 09:00:00+08:00,603160.SH
61,极度负面,2023-04-27 09:00:00+08:00,603160.SH
62,极度正面,2023-04-27 09:00:00+08:00,603160.SH
63,极度负面,2023-04-27 09:00:00+08:00,600036.SH
64,极度负面,2023-04-27 09:00:00+08:00,600036.SH
65,极度正面,2023-04-27 09:00:00+08:00,603160.SH
66,极度正面,2023-04-27 09:00:00+08:00,603160.SH
67,极度正面,2023-04-27 09:00:00+08:00,603160.SH
68,极度正面,2023-04-27 09:00:00+08:00,603160.SH
69,极度负面,2023-04-27 09:00:00+08:00,603160.SH
70,极度正面,2023-04-27 09:00:00+08:00,603160.SH
71,极度负面,2023-04-27 09:00:00+08:00,603160.SH
72,极度负面,2023-04-27 09:00:00+08:00,603160.SH
73,极度正面,2023-04-27 09:00:00+08:00,603160.SH
74,极度正面,2023-04-27 09:00:00+08:00,603160.SH
75,极度负面,2023-04-27 09:00:00+08:00,603160.SH
76,极度正面,2023-04-27 09:00:00+08:00,603160.SH
77,极度正面,2023-04-27 09:00:00+08:00,603160.SH
78,极度正面,2023-04-27 09:00:00+08:00,603160.SH
79,极度正面,2023-04-27 09:00:00+08:00,603160.SH
80,极度负面,2023-04-27 09:00:00+08:00,603160.SH
81,极度正面,2023-04-27 09:00:00+08:00,603160.SH
82,极度负面,2023-04-27 09:00:00+08:00,603160.SH
83,极度正面,2023-04-27 09:00:00+08:00,603160.SH
84,极度正面,2023-04-27 09:00:00+08:00,603160.SH
85,极度负面,2023-04-27 09:00:00+08:00,603160.SH
86,极度负面,2023-04-27 09:00:00+08:00,603160.SH
87,极度负面,2023-04-27 09:00:00+08:00,603160.SH
88,极度负面,2023-04-27 09:00:00+08:00,603160.SH
89,极度负面,2023-04-27 09:00:00+08:00,603160.SH
90,极度负面,2023-04-28 09:00:00+08:00,600887.SH
91,极度正面,2023-04-28 09:00:00+08:00,600887.SH
92,极度负面,2023-04-28 09:00:00+08:00,600887.SH
93,极度负面,2023-04-28 09:00:00+08:00,600887.SH
94,极度负面,2023-04-28 09:00:00+08:00,600887.SH
95,极度负面,2023-04-28 09:00:00+08:00,600887.SH
96,极度正面,2023-04-28 09:00:00+08:00,600887.SH
97,极度正面,2023-04-28 09:00:00+08:00,600887.SH
98,极度正面,2023-04-28 09:00:00+08:00,600887.SH
99,极度负面,2023-04-28 09:00:00+08:00,600887.SH
100,极度正面,2023-04-28 09:00:00+08:00,600887.SH
101,极度正面,2023-04-28 09:00:00+08:00,600887.SH
102,极度负面,2023-04-28 09:00:00+08:00,600887.SH
103,极度负面,2023-04-28 09:00:00+08:00,600887.SH
104,极度负面,2023-04-28 09:00:00+08:00,600887.SH
105,极度负面,2023-04-28 09:00:00+08:00,600887.SH
106,极度负面,2023-04-28 09:00:00+08:00,600887.SH
107,极度正面,2023-04-28 09:00:00+08:00,600887.SH
108,极度正面,2023-04-28 09:00:00+08:00,600887.SH
109,极度负面,2023-04-28 09:00:00+08:00,600887.SH
110,极度负面,2023-04-28 09:00:00+08:00,600887.SH
111,极度负面,2023-04-28 09:00:00+08:00,600346.SH
112,极度正面,2023-04-28 09:00:00+08:00,600346.SH
113,极度正面,2023-04-28 09:00:00+08:00,600346.SH
114,极度正面,2023-04-28 09:00:00+08:00,600570.SH
115,极度负面,2023-04-28 09:00:00+08:00,600887.SH
116,极度正面,2023-04-28 09:00:00+08:00,600887.SH
117,极度负面,2023-04-28 09:00:00+08:00,600887.SH
118,极度正面,2023-04-28 09:00:00+08:00,600887.SH
119,中性,2023-04-28 09:00:00+08:00,600887.SH
120,极度负面,2023-04-28 09:00:00+08:00,600887.SH
121,极度正面,2023-04-28 09:00:00+08:00,600887.SH
122,极度负面,2023-04-28 09:00:00+08:00,600887.SH
123,极度负面,2023-04-28 09:00:00+08:00,600887.SH
124,极度正面,2023-04-28 09:00:00+08:00,600887.SH
125,极度负面,2023-04-28 09:00:00+08:00,600887.SH
126,极度负面,2023-04-28 09:00:00+08:00,600887.SH
127,极度正面,2023-04-28 09:00:00+08:00,600570.SH
128,正面,2023-04-28 09:00:00+08:00,600887.SH
129,中性,2023-04-28 09:00:00+08:00,600887.SH
130,极度负面,2023-04-28 09:00:00+08:00,600887.SH
131,负面,2023-04-28 09:00:00+08:00,600887.SH
132,极度负面,2023-04-28 09:00:00+08:00,600887.SH
133,极度正面,2023-04-28 09:00:00+08:00,600887.SH
134,极度负面,2023-04-28 09:00:00+08:00,600887.SH
135,极度负面,2023-04-28 09:00:00+08:00,600887.SH
136,极度负面,2023-04-28 09:00:00+08:00,600887.SH
137,极度负面,2023-04-28 09:00:00+08:00,600887.SH
138,极度负面,2023-04-28 09:00:00+08:00,600887.SH
139,极度负面,2023-04-28 09:00:00+08:00,600887.SH
140,极度负面,2023-04-28 09:00:00+08:00,600887.SH
141,极度正面,2023-04-28 09:00:00+08:00,600887.SH
142,正面,2023-04-28 09:00:00+08:00,600887.SH
143,极度正面,2023-04-28 09:00:00+08:00,600570.SH
144,极度正面,2023-04-28 09:00:00+08:00,600570.SH
145,极度正面,2023-04-28 09:00:00+08:00,600570.SH
146,极度正面,2023-04-28 09:00:00+08:00,600346.SH
147,极度正面,2023-04-28 09:00:00+08:00,600346.SH
148,极度负面,2023-04-28 09:00:00+08:00,600346.SH
149,极度正面,2023-04-28 09:00:00+08:00,600346.SH
150,极度负面,2023-04-28 09:00:00+08:00,600887.SH
151,极度正面,2023-04-28 09:00:00+08:00,600346.SH
152,正面,2023-04-28 09:00:00+08:00,600346.SH
153,极度正面,2023-04-28 09:00:00+08:00,600346.SH
154,极度负面,2023-04-28 09:00:00+08:00,600346.SH
155,极度负面,2023-04-28 09:00:00+08:00,600346.SH
156,极度负面,2023-04-28 09:00:00+08:00,600346.SH
157,极度正面,2023-04-28 09:00:00+08:00,600346.SH
158,极度正面,2023-04-28 09:00:00+08:00,600346.SH
159,极度正面,2023-04-28 09:00:00+08:00,600346.SH
160,极度正面,2023-04-28 09:00:00+08:00,600346.SH
161,极度正面,2023-04-28 09:00:00+08:00,600346.SH
162,极度正面,2023-04-28 09:00:00+08:00,600346.SH
163,极度正面,2023-04-28 09:00:00+08:00,600346.SH
164,极度正面,2023-04-28 09:00:00+08:00,600346.SH
165,极度正面,2023-04-28 09:00:00+08:00,600346.SH
166,极度负面,2023-04-28 09:00:00+08:00,600346.SH
167,极度正面,2023-04-28 09:00:00+08:00,600887.SH
168,极度负面,2023-04-28 09:00:00+08:00,600346.SH
169,极度负面,2023-04-28 09:00:00+08:00,600887.SH
170,极度正面,2023-04-28 09:00:00+08:00,600346.SH
171,极度正面,2023-04-28 09:00:00+08:00,600346.SH
172,极度负面,2023-04-28 09:00:00+08:00,600887.SH
173,极度正面,2023-04-28 09:00:00+08:00,600887.SH
174,极度正面,2023-04-28 09:00:00+08:00,600570.SH
175,极度正面,2023-04-28 09:00:00+08:00,600346.SH
176,极度正面,2023-04-28 09:00:00+08:00,600346.SH
177,极度负面,2023-04-28 09:00:00+08:00,600887.SH
178,极度负面,2023-04-28 09:00:00+08:00,601668.SH
179,极度正面,2023-04-28 09:00:00+08:00,601668.SH
180,极度正面,2023-04-28 09:00:00+08:00,601668.SH
181,中性,2023-04-28 09:00:00+08:00,601668.SH
182,极度正面,2023-04-28 09:00:00+08:00,601668.SH
183,极度负面,2023-04-28 09:00:00+08:00,601668.SH
184,极度负面,2023-04-28 09:00:00+08:00,601668.SH
185,极度负面,2023-04-28 09:00:00+08:00,601668.SH
186,极度负面,2023-04-28 09:00:00+08:00,601668.SH
187,极度负面,2023-05-04 09:00:00+08:00,600036.SH
188,正面,2023-05-04 09:00:00+08:00,600104.SH
189,中性,2023-05-04 09:00:00+08:00,600104.SH
190,中性,2023-05-04 09:00:00+08:00,600104.SH
191,正面,2023-05-04 09:00:00+08:00,600104.SH
192,中性,2023-05-04 09:00:00+08:00,600104.SH
193,正面,2023-05-04 09:00:00+08:00,600104.SH
194,极度正面,2023-05-04 09:00:00+08:00,600104.SH
195,正面,2023-05-04 09:00:00+08:00,600104.SH
196,极度负面,2023-05-04 09:00:00+08:00,600104.SH
197,正面,2023-05-04 09:00:00+08:00,600104.SH
198,正面,2023-05-04 09:00:00+08:00,600104.SH
199,极度负面,2023-05-04 09:00:00+08:00,600036.SH
200,正面,2023-05-04 09:00:00+08:00,600104.SH
201,正面,2023-05-04 09:00:00+08:00,600104.SH
202,中性,2023-05-04 09:00:00+08:00,600104.SH
203,极度负面,2023-05-04 09:00:00+08:00,600104.SH
204,正面,2023-05-04 09:00:00+08:00,600104.SH
205,极度负面,2023-05-04 09:00:00+08:00,600104.SH
206,正面,2023-05-04 09:00:00+08:00,600104.SH
207,中性,2023-05-04 09:00:00+08:00,600104.SH
208,正面,2023-05-04 09:00:00+08:00,600104.SH
209,正面,2023-05-04 09:00:00+08:00,600104.SH
210,中性,2023-05-04 09:00:00+08:00,600104.SH
211,极度正面,2023-05-04 09:00:00+08:00,600104.SH
212,中性,2023-05-04 09:00:00+08:00,600104.SH
213,正面,2023-05-04 09:00:00+08:00,600104.SH
214,极度负面,2023-05-04 09:00:00+08:00,600104.SH
215,极度负面,2023-05-04 09:00:00+08:00,600104.SH
216,正面,2023-05-04 09:00:00+08:00,600104.SH
217,极度负面,2023-05-04 09:00:00+08:00,600104.SH
218,正面,2023-05-04 09:00:00+08:00,600104.SH
219,中性,2023-05-04 09:00:00+08:00,600104.SH
220,中性,2023-05-04 09:00:00+08:00,600104.SH
221,极度正面,2023-05-04 09:00:00+08:00,600104.SH
222,极度正面,2023-05-04 09:00:00+08:00,600346.SH
223,正面,2023-05-04 09:00:00+08:00,600104.SH
224,极度负面,2023-05-04 09:00:00+08:00,601390.SH
225,极度负面,2023-05-04 09:00:00+08:00,601390.SH
226,正面,2023-05-04 09:00:00+08:00,600887.SH
227,极度负面,2023-05-04 09:00:00+08:00,601390.SH
228,极度负面,2023-05-05 09:00:00+08:00,600050.SH
229,极度正面,2023-05-05 09:00:00+08:00,600031.SH
230,极度负面,2023-05-08 09:00:00+08:00,600104.SH
231,正面,2023-05-08 09:00:00+08:00,600887.SH
232,中性,2023-05-09 09:00:00+08:00,601390.SH
233,极度负面,2023-05-09 09:00:00+08:00,601390.SH
234,中性,2023-05-09 09:00:00+08:00,601390.SH
235,负面,2023-05-09 09:00:00+08:00,601668.SH
236,负面,2023-05-09 09:00:00+08:00,601668.SH
237,中性,2023-05-09 09:00:00+08:00,601668.SH
238,正面,2023-05-09 09:00:00+08:00,601668.SH
239,负面,2023-05-09 09:00:00+08:00,601668.SH
240,极度负面,2023-05-09 09:00:00+08:00,601390.SH
241,极度负面,2023-05-09 09:00:00+08:00,601390.SH
242,中性,2023-05-09 09:00:00+08:00,601390.SH
243,中性,2023-05-09 09:00:00+08:00,601390.SH
244,中性,2023-05-09 09:00:00+08:00,601390.SH
245,中性,2023-05-09 09:00:00+08:00,601390.SH
246,正面,2023-05-10 09:00:00+08:00,600346.SH
247,极度负面,2023-05-10 09:00:00+08:00,600346.SH
248,极度正面,2023-05-10 09:00:00+08:00,600346.SH
249,中性,2023-05-11 09:00:00+08:00,600050.SH
250,负面,2023-05-11 09:00:00+08:00,600887.SH
251,正面,2023-05-11 09:00:00+08:00,600887.SH
252,极度正面,2023-05-11 09:00:00+08:00,600570.SH
253,正面,2023-05-15 09:00:00+08:00,600050.SH
254,正面,2023-05-15 09:00:00+08:00,600050.SH
255,正面,2023-05-15 09:00:00+08:00,600050.SH
256,中性,2023-05-15 09:00:00+08:00,601668.SH
257,中性,2023-05-17 09:00:00+08:00,600050.SH
258,中性,2023-05-17 09:00:00+08:00,600050.SH
259,负面,2023-05-17 09:00:00+08:00,600050.SH
260,中性,2023-05-17 09:00:00+08:00,600050.SH
261,负面,2023-05-18 09:00:00+08:00,601668.SH
262,正面,2023-05-18 09:00:00+08:00,603160.SH
263,极度负面,2023-05-18 09:00:00+08:00,600104.SH
264,正面,2023-05-19 09:00:00+08:00,600887.SH
265,负面,2023-05-19 09:00:00+08:00,600887.SH
266,极度正面,2023-05-19 09:00:00+08:00,600031.SH
267,负面,2023-05-19 09:00:00+08:00,600887.SH
268,负面,2023-05-19 09:00:00+08:00,600887.SH
269,中性,2023-05-22 09:00:00+08:00,600346.SH
270,中性,2023-05-22 09:00:00+08:00,601668.SH
271,正面,2023-05-22 09:00:00+08:00,600887.SH
272,中性,2023-05-22 09:00:00+08:00,600887.SH
273,负面,2023-05-22 09:00:00+08:00,600887.SH
274,中性,2023-05-22 09:00:00+08:00,600346.SH
275,中性,2023-05-22 09:00:00+08:00,600346.SH
276,中性,2023-05-22 09:00:00+08:00,601668.SH
277,中性,2023-05-22 09:00:00+08:00,601668.SH
278,正面,2023-05-22 09:00:00+08:00,600050.SH
279,中性,2023-05-22 09:00:00+08:00,600050.SH
280,中性,2023-05-22 09:00:00+08:00,601668.SH
281,中性,2023-05-22 09:00:00+08:00,601668.SH
282,负面,2023-05-24 09:00:00+08:00,600031.SH
283,中性,2023-05-24 09:00:00+08:00,601668.SH
284,极度正面,2023-05-24 09:00:00+08:00,600031.SH
285,极度负面,2023-05-26 09:00:00+08:00,601390.SH
286,极度正面,2023-05-26 09:00:00+08:00,600570.SH
287,极度负面,2023-05-29 09:00:00+08:00,600346.SH
288,负面,2023-05-29 09:00:00+08:00,600887.SH
289,中性,2023-05-29 09:00:00+08:00,600346.SH
290,中性,2023-05-29 09:00:00+08:00,600346.SH
291,极度负面,2023-05-29 09:00:00+08:00,603160.SH
292,极度正面,2023-05-29 09:00:00+08:00,603160.SH
293,正面,2023-05-29 09:00:00+08:00,600887.SH
294,极度正面,2023-05-29 09:00:00+08:00,603160.SH
295,极度正面,2023-05-29 09:00:00+08:00,603160.SH
296,正面,2023-05-29 09:00:00+08:00,600104.SH
297,中性,2023-05-29 09:00:00+08:00,600104.SH
298,极度负面,2023-05-29 09:00:00+08:00,600104.SH
299,极度正面,2023-05-29 09:00:00+08:00,600104.SH
300,极度负面,2023-05-29 09:00:00+08:00,600104.SH
301,中性,2023-05-29 09:00:00+08:00,601668.SH
302,极度正面,2023-05-30 09:00:00+08:00,603160.SH
303,负面,2023-05-30 09:00:00+08:00,600036.SH
304,正面,2023-05-30 09:00:00+08:00,600346.SH
305,极度负面,2023-05-30 09:00:00+08:00,600346.SH
306,极度正面,2023-05-30 09:00:00+08:00,600346.SH
307,极度正面,2023-05-30 09:00:00+08:00,603160.SH
308,极度负面,2023-05-31 09:00:00+08:00,600104.SH
309,极度负面,2023-05-31 09:00:00+08:00,603160.SH
310,极度负面,2023-06-01 09:00:00+08:00,600036.SH
311,正面,2023-06-02 09:00:00+08:00,600346.SH
312,极度正面,2023-06-02 09:00:00+08:00,600346.SH
313,正面,2023-06-05 09:00:00+08:00,600036.SH
314,极度正面,2023-06-05 09:00:00+08:00,600036.SH
315,负面,2023-06-05 09:00:00+08:00,600050.SH
316,正面,2023-06-05 09:00:00+08:00,603160.SH
317,极度正面,2023-06-07 09:00:00+08:00,600036.SH
318,负面,2023-06-07 09:00:00+08:00,603160.SH
319,极度负面,2023-06-08 09:00:00+08:00,603160.SH
320,中性,2023-06-08 09:00:00+08:00,600104.SH
321,极度正面,2023-06-08 09:00:00+08:00,603160.SH
322,正面,2023-06-08 09:00:00+08:00,600887.SH
323,极度负面,2023-06-08 09:00:00+08:00,600346.SH
324,正面,2023-06-08 09:00:00+08:00,600887.SH
325,正面,2023-06-08 09:00:00+08:00,600887.SH
326,极度正面,2023-06-08 09:00:00+08:00,603160.SH
327,负面,2023-06-08 09:00:00+08:00,600036.SH
328,正面,2023-06-08 09:00:00+08:00,603160.SH
329,正面,2023-06-08 09:00:00+08:00,600346.SH
330,正面,2023-06-08 09:00:00+08:00,600346.SH
331,极度正面,2023-06-08 09:00:00+08:00,603160.SH
332,极度负面,2023-06-08 09:00:00+08:00,603160.SH
333,极度正面,2023-06-08 09:00:00+08:00,603160.SH
334,极度正面,2023-06-08 09:00:00+08:00,603160.SH
335,中性,2023-06-08 09:00:00+08:00,601390.SH
336,极度正面,2023-06-08 09:00:00+08:00,603160.SH
337,极度正面,2023-06-08 09:00:00+08:00,603160.SH
338,极度正面,2023-06-08 09:00:00+08:00,600346.SH
339,中性,2023-06-08 09:00:00+08:00,601668.SH
340,中性,2023-06-08 09:00:00+08:00,601668.SH
341,极度正面,2023-06-08 09:00:00+08:00,603160.SH
342,极度正面,2023-06-08 09:00:00+08:00,603160.SH
343,正面,2023-06-08 09:00:00+08:00,601668.SH
344,正面,2023-06-08 09:00:00+08:00,600346.SH
345,正面,2023-06-08 09:00:00+08:00,600346.SH
346,正面,2023-06-08 09:00:00+08:00,600346.SH
347,极度正面,2023-06-08 09:00:00+08:00,603160.SH
348,极度正面,2023-06-09 09:00:00+08:00,600570.SH
349,正面,2023-06-09 09:00:00+08:00,600104.SH
350,极度正面,2023-06-09 09:00:00+08:00,600570.SH
351,正面,2023-06-13 09:00:00+08:00,600887.SH
352,极度正面,2023-06-13 09:00:00+08:00,603160.SH
353,负面,2023-06-13 09:00:00+08:00,600887.SH
354,极度正面,2023-06-13 09:00:00+08:00,603160.SH
355,极度负面,2023-06-13 09:00:00+08:00,603160.SH
356,极度正面,2023-06-13 09:00:00+08:00,600036.SH
357,负面,2023-06-13 09:00:00+08:00,600036.SH
358,正面,2023-06-14 09:00:00+08:00,600104.SH
359,正面,2023-06-14 09:00:00+08:00,600887.SH
360,极度正面,2023-06-14 09:00:00+08:00,600346.SH
361,正面,2023-06-14 09:00:00+08:00,600104.SH
362,中性,2023-06-14 09:00:00+08:00,600104.SH
363,负面,2023-06-14 09:00:00+08:00,600104.SH
364,极度负面,2023-06-14 09:00:00+08:00,600104.SH
365,正面,2023-06-14 09:00:00+08:00,600104.SH
366,极度正面,2023-06-15 09:00:00+08:00,600346.SH
367,中性,2023-06-15 09:00:00+08:00,600031.SH
368,极度正面,2023-06-15 09:00:00+08:00,600036.SH
369,正面,2023-06-15 09:00:00+08:00,600031.SH
370,极度负面,2023-06-15 09:00:00+08:00,600031.SH
371,正面,2023-06-15 09:00:00+08:00,600031.SH
372,极度负面,2023-06-15 09:00:00+08:00,600031.SH
373,极度负面,2023-06-15 09:00:00+08:00,600031.SH
374,极度负面,2023-06-15 09:00:00+08:00,600031.SH
375,极度正面,2023-06-15 09:00:00+08:00,600031.SH
376,中性,2023-06-16 09:00:00+08:00,601390.SH
377,中性,2023-06-16 09:00:00+08:00,600104.SH
378,中性,2023-06-16 09:00:00+08:00,600104.SH
379,中性,2023-06-16 09:00:00+08:00,600104.SH
380,正面,2023-06-19 09:00:00+08:00,601668.SH
381,正面,2023-06-20 09:00:00+08:00,600036.SH
382,正面,2023-06-20 09:00:00+08:00,600346.SH
383,正面,2023-06-20 09:00:00+08:00,600036.SH
384,中性,2023-06-20 09:00:00+08:00,600036.SH
385,中性,2023-06-20 09:00:00+08:00,600104.SH
386,极度正面,2023-06-21 09:00:00+08:00,601668.SH
387,正面,2023-06-21 09:00:00+08:00,600050.SH
388,正面,2023-06-21 09:00:00+08:00,600104.SH
389,正面,2023-06-21 09:00:00+08:00,600346.SH
390,极度正面,2023-06-26 09:00:00+08:00,600570.SH
391,正面,2023-06-26 09:00:00+08:00,600036.SH
392,极度正面,2023-06-26 09:00:00+08:00,603160.SH
393,正面,2023-06-26 09:00:00+08:00,603160.SH
394,正面,2023-06-26 09:00:00+08:00,603160.SH
395,正面,2023-06-27 09:00:00+08:00,600031.SH
396,极度负面,2023-06-27 09:00:00+08:00,600887.SH
397,极度负面,2023-06-27 09:00:00+08:00,600031.SH
398,正面,2023-06-28 09:00:00+08:00,600570.SH
399,极度正面,2023-06-28 09:00:00+08:00,600570.SH
400,极度正面,2023-06-28 09:00:00+08:00,600570.SH
401,极度正面,2023-06-28 09:00:00+08:00,600570.SH
402,极度正面,2023-06-28 09:00:00+08:00,600346.SH
403,中性,2023-06-28 09:00:00+08:00,600036.SH
404,正面,2023-06-28 09:00:00+08:00,600036.SH
405,极度负面,2023-06-28 09:00:00+08:00,600570.SH
406,极度正面,2023-06-28 09:00:00+08:00,600346.SH
407,极度负面,2023-06-28 09:00:00+08:00,600570.SH
408,极度负面,2023-06-28 09:00:00+08:00,600570.SH
409,极度正面,2023-06-28 09:00:00+08:00,600570.SH
410,中性,2023-06-29 09:00:00+08:00,601668.SH
411,极度正面,2023-06-29 09:00:00+08:00,600570.SH
412,中性,2023-06-29 09:00:00+08:00,601390.SH
413,中性,2023-06-29 09:00:00+08:00,601390.SH
414,中性,2023-06-29 09:00:00+08:00,601390.SH
415,中性,2023-06-29 09:00:00+08:00,601390.SH
416,极度负面,2023-06-29 09:00:00+08:00,600570.SH
417,负面,2023-06-29 09:00:00+08:00,600036.SH
418,负面,2023-06-30 09:00:00+08:00,600887.SH
419,正面,2023-06-30 09:00:00+08:00,603160.SH
420,极度负面,2023-06-30 09:00:00+08:00,600050.SH
421,正面,2023-06-30 09:00:00+08:00,603160.SH
422,极度负面,2023-06-30 09:00:00+08:00,600050.SH
423,极度负面,2023-07-03 09:00:00+08:00,600036.SH
424,正面,2023-07-03 09:00:00+08:00,600887.SH
425,极度正面,2023-07-03 09:00:00+08:00,600036.SH
426,极度正面,2023-07-03 09:00:00+08:00,600036.SH
427,极度正面,2023-07-03 09:00:00+08:00,600570.SH
428,负面,2023-07-03 09:00:00+08:00,600031.SH
429,正面,2023-07-03 09:00:00+08:00,600031.SH
430,负面,2023-07-03 09:00:00+08:00,600031.SH
431,负面,2023-07-03 09:00:00+08:00,600031.SH
432,负面,2023-07-03 09:00:00+08:00,600031.SH
433,负面,2023-07-03 09:00:00+08:00,600036.SH
434,正面,2023-07-03 09:00:00+08:00,600887.SH
435,正面,2023-07-04 09:00:00+08:00,600104.SH
436,正面,2023-07-04 09:00:00+08:00,600104.SH
437,极度正面,2023-07-04 09:00:00+08:00,600036.SH
438,正面,2023-07-04 09:00:00+08:00,600570.SH
439,负面,2023-07-04 09:00:00+08:00,603160.SH
440,极度负面,2023-07-04 09:00:00+08:00,603160.SH
441,负面,2023-07-04 09:00:00+08:00,600887.SH
442,正面,2023-07-05 09:00:00+08:00,600346.SH
443,正面,2023-07-05 09:00:00+08:00,600346.SH
444,正面,2023-07-05 09:00:00+08:00,600346.SH
445,极度负面,2023-07-05 09:00:00+08:00,600346.SH
446,极度正面,2023-07-05 09:00:00+08:00,600346.SH
447,极度正面,2023-07-05 09:00:00+08:00,600346.SH
448,极度正面,2023-07-05 09:00:00+08:00,600346.SH
449,极度正面,2023-07-06 09:00:00+08:00,600036.SH
450,中性,2023-07-07 09:00:00+08:00,601390.SH
451,中性,2023-07-10 09:00:00+08:00,600104.SH
452,极度正面,2023-07-10 09:00:00+08:00,600570.SH
453,极度负面,2023-07-10 09:00:00+08:00,600887.SH
454,极度负面,2023-07-10 09:00:00+08:00,600887.SH
455,负面,2023-07-10 09:00:00+08:00,600887.SH
456,极度负面,2023-07-10 09:00:00+08:00,600036.SH
457,中性,2023-07-10 09:00:00+08:00,601668.SH
458,中性,2023-07-11 09:00:00+08:00,600036.SH
459,极度负面,2023-07-11 09:00:00+08:00,600036.SH
460,负面,2023-07-11 09:00:00+08:00,600887.SH
461,极度正面,2023-07-12 09:00:00+08:00,600570.SH
462,正面,2023-07-12 09:00:00+08:00,600104.SH
463,极度负面,2023-07-12 09:00:00+08:00,600887.SH
464,极度负面,2023-07-12 09:00:00+08:00,600104.SH
465,正面,2023-07-12 09:00:00+08:00,600104.SH
466,极度正面,2023-07-13 09:00:00+08:00,603160.SH
467,极度负面,2023-07-13 09:00:00+08:00,603160.SH
468,负面,2023-07-14 09:00:00+08:00,600887.SH
469,极度负面,2023-07-17 09:00:00+08:00,600346.SH
470,极度正面,2023-07-17 09:00:00+08:00,603160.SH
471,中性,2023-07-17 09:00:00+08:00,601390.SH
472,极度负面,2023-07-17 09:00:00+08:00,600887.SH
473,极度负面,2023-07-17 09:00:00+08:00,600570.SH
474,正面,2023-07-17 09:00:00+08:00,600346.SH
475,极度负面,2023-07-18 09:00:00+08:00,603160.SH
476,极度负面,2023-07-18 09:00:00+08:00,603160.SH
477,极度负面,2023-07-19 09:00:00+08:00,600887.SH
478,极度负面,2023-07-19 09:00:00+08:00,600036.SH
479,中性,2023-07-21 09:00:00+08:00,600887.SH
480,极度正面,2023-07-21 09:00:00+08:00,600346.SH
481,中性,2023-07-21 09:00:00+08:00,601390.SH
482,极度负面,2023-07-21 09:00:00+08:00,600050.SH
483,极度正面,2023-07-21 09:00:00+08:00,600570.SH
484,极度负面,2023-07-24 09:00:00+08:00,603160.SH
485,极度负面,2023-07-24 09:00:00+08:00,603160.SH
486,极度正面,2023-07-24 09:00:00+08:00,603160.SH
487,极度正面,2023-07-24 09:00:00+08:00,603160.SH
488,极度正面,2023-07-24 09:00:00+08:00,603160.SH
489,极度负面,2023-07-24 09:00:00+08:00,603160.SH
490,极度负面,2023-07-24 09:00:00+08:00,603160.SH
491,正面,2023-07-24 09:00:00+08:00,603160.SH
492,极度正面,2023-07-24 09:00:00+08:00,603160.SH
493,极度正面,2023-07-24 09:00:00+08:00,603160.SH
494,极度正面,2023-07-24 09:00:00+08:00,603160.SH
495,极度正面,2023-07-24 09:00:00+08:00,603160.SH
496,极度正面,2023-07-24 09:00:00+08:00,603160.SH
497,极度正面,2023-07-24 09:00:00+08:00,603160.SH
498,极度正面,2023-07-24 09:00:00+08:00,603160.SH
499,极度负面,2023-07-24 09:00:00+08:00,603160.SH
500,正面,2023-07-24 09:00:00+08:00,603160.SH
501,极度正面,2023-07-24 09:00:00+08:00,603160.SH
502,极度正面,2023-07-24 09:00:00+08:00,603160.SH
503,极度负面,2023-07-24 09:00:00+08:00,603160.SH
504,极度正面,2023-07-24 09:00:00+08:00,603160.SH
505,极度负面,2023-07-25 09:00:00+08:00,600050.SH
506,极度负面,2023-07-25 09:00:00+08:00,600887.SH
507,极度负面,2023-07-25 09:00:00+08:00,603160.SH
508,中性,2023-07-25 09:00:00+08:00,600050.SH
509,中性,2023-07-25 09:00:00+08:00,600050.SH
510,极度负面,2023-07-25 09:00:00+08:00,600050.SH
511,极度正面,2023-07-25 09:00:00+08:00,600050.SH
512,极度正面,2023-07-25 09:00:00+08:00,600346.SH
513,极度负面,2023-07-27 09:00:00+08:00,600887.SH
514,极度负面,2023-07-27 09:00:00+08:00,600887.SH
515,极度负面,2023-07-27 09:00:00+08:00,601668.SH
516,正面,2023-07-27 09:00:00+08:00,600887.SH
517,极度负面,2023-07-27 09:00:00+08:00,600887.SH
518,极度负面,2023-07-27 09:00:00+08:00,600887.SH
519,极度负面,2023-07-27 09:00:00+08:00,600887.SH
520,极度负面,2023-07-27 09:00:00+08:00,600887.SH
521,负面,2023-07-27 09:00:00+08:00,600887.SH
522,正面,2023-07-27 09:00:00+08:00,600887.SH
523,极度负面,2023-07-27 09:00:00+08:00,600887.SH
524,负面,2023-07-28 09:00:00+08:00,601668.SH
525,负面,2023-07-28 09:00:00+08:00,601668.SH
526,中性,2023-07-28 09:00:00+08:00,601390.SH
527,中性,2023-07-31 09:00:00+08:00,600050.SH
528,正面,2023-07-31 09:00:00+08:00,600887.SH
529,极度正面,2023-07-31 09:00:00+08:00,600887.SH
530,正面,2023-07-31 09:00:00+08:00,600887.SH
531,正面,2023-07-31 09:00:00+08:00,600887.SH
532,正面,2023-07-31 09:00:00+08:00,600887.SH
533,正面,2023-07-31 09:00:00+08:00,600887.SH
534,正面,2023-07-31 09:00:00+08:00,600887.SH
535,正面,2023-07-31 09:00:00+08:00,600887.SH
536,负面,2023-08-01 09:00:00+08:00,600050.SH
537,中性,2023-08-01 09:00:00+08:00,600050.SH
538,极度正面,2023-08-01 09:00:00+08:00,603160.SH
539,极度正面,2023-08-01 09:00:00+08:00,603160.SH
540,极度正面,2023-08-01 09:00:00+08:00,600050.SH
541,极度正面,2023-08-02 09:00:00+08:00,603160.SH
542,极度负面,2023-08-02 09:00:00+08:00,600104.SH
543,极度正面,2023-08-02 09:00:00+08:00,603160.SH
544,极度正面,2023-08-02 09:00:00+08:00,600570.SH
545,正面,2023-08-03 09:00:00+08:00,600104.SH
546,极度正面,2023-08-03 09:00:00+08:00,600570.SH
547,正面,2023-08-04 09:00:00+08:00,600104.SH
548,极度负面,2023-08-04 09:00:00+08:00,600031.SH
549,极度正面,2023-08-07 09:00:00+08:00,603160.SH
550,中性,2023-08-07 09:00:00+08:00,601668.SH
551,负面,2023-08-07 09:00:00+08:00,601668.SH
552,正面,2023-08-07 09:00:00+08:00,601668.SH
553,正面,2023-08-07 09:00:00+08:00,601668.SH
554,极度正面,2023-08-08 09:00:00+08:00,603160.SH
555,极度正面,2023-08-08 09:00:00+08:00,603160.SH
556,极度正面,2023-08-08 09:00:00+08:00,600346.SH
557,极度正面,2023-08-08 09:00:00+08:00,600346.SH
558,极度负面,2023-08-08 09:00:00+08:00,600887.SH
559,极度负面,2023-08-08 09:00:00+08:00,603160.SH
560,极度正面,2023-08-09 09:00:00+08:00,603160.SH
561,极度正面,2023-08-09 09:00:00+08:00,603160.SH
562,正面,2023-08-09 09:00:00+08:00,603160.SH
563,极度正面,2023-08-09 09:00:00+08:00,603160.SH
564,中性,2023-08-09 09:00:00+08:00,601390.SH
565,极度正面,2023-08-09 09:00:00+08:00,603160.SH
566,中性,2023-08-09 09:00:00+08:00,601390.SH
567,极度正面,2023-08-09 09:00:00+08:00,600104.SH
568,极度正面,2023-08-09 09:00:00+08:00,603160.SH
569,极度正面,2023-08-09 09:00:00+08:00,603160.SH
570,极度负面,2023-08-10 09:00:00+08:00,600050.SH
571,负面,2023-08-10 09:00:00+08:00,600050.SH
572,中性,2023-08-10 09:00:00+08:00,600050.SH
573,极度正面,2023-08-10 09:00:00+08:00,600050.SH
574,正面,2023-08-10 09:00:00+08:00,600050.SH
575,中性,2023-08-10 09:00:00+08:00,600050.SH
576,中性,2023-08-10 09:00:00+08:00,600050.SH
577,正面,2023-08-10 09:00:00+08:00,600050.SH
578,极度正面,2023-08-10 09:00:00+08:00,600050.SH
579,极度正面,2023-08-10 09:00:00+08:00,600050.SH
580,极度正面,2023-08-10 09:00:00+08:00,600050.SH
581,正面,2023-08-10 09:00:00+08:00,600050.SH
582,中性,2023-08-10 09:00:00+08:00,600050.SH
583,极度正面,2023-08-15 09:00:00+08:00,600570.SH
584,极度正面,2023-08-15 09:00:00+08:00,600346.SH
585,中性,2023-08-15 09:00:00+08:00,601668.SH
586,中性,2023-08-16 09:00:00+08:00,601668.SH
587,极度正面,2023-08-16 09:00:00+08:00,600887.SH
588,中性,2023-08-16 09:00:00+08:00,600887.SH
589,正面,2023-08-16 09:00:00+08:00,600887.SH
590,正面,2023-08-16 09:00:00+08:00,600887.SH
591,极度正面,2023-08-16 09:00:00+08:00,600036.SH
592,极度正面,2023-08-21 09:00:00+08:00,600887.SH
593,中性,2023-08-21 09:00:00+08:00,601390.SH
594,极度正面,2023-08-21 09:00:00+08:00,603160.SH
595,正面,2023-08-22 09:00:00+08:00,601668.SH
596,中性,2023-08-22 09:00:00+08:00,601668.SH
597,极度正面,2023-08-22 09:00:00+08:00,600050.SH
598,极度负面,2023-08-23 09:00:00+08:00,600570.SH
599,中性,2023-08-23 09:00:00+08:00,601668.SH
600,极度正面,2023-08-23 09:00:00+08:00,600346.SH
601,极度正面,2023-08-23 09:00:00+08:00,600346.SH
602,极度负面,2023-08-23 09:00:00+08:00,600346.SH
603,极度正面,2023-08-23 09:00:00+08:00,600346.SH
604,极度正面,2023-08-23 09:00:00+08:00,600346.SH
605,正面,2023-08-23 09:00:00+08:00,600887.SH
606,极度负面,2023-08-23 09:00:00+08:00,601668.SH
607,极度负面,2023-08-23 09:00:00+08:00,600036.SH
608,极度正面,2023-08-24 09:00:00+08:00,600036.SH
609,正面,2023-08-24 09:00:00+08:00,600036.SH
610,极度负面,2023-08-24 09:00:00+08:00,600036.SH
611,负面,2023-08-24 09:00:00+08:00,600036.SH
612,极度负面,2023-08-24 09:00:00+08:00,600104.SH
613,极度正面,2023-08-25 09:00:00+08:00,603160.SH
614,极度正面,2023-08-25 09:00:00+08:00,603160.SH
615,极度正面,2023-08-25 09:00:00+08:00,603160.SH
616,极度正面,2023-08-25 09:00:00+08:00,603160.SH
617,极度负面,2023-08-25 09:00:00+08:00,603160.SH
618,中性,2023-08-25 09:00:00+08:00,600887.SH
619,极度负面,2023-08-25 09:00:00+08:00,603160.SH
620,正面,2023-08-25 09:00:00+08:00,603160.SH
621,极度正面,2023-08-25 09:00:00+08:00,603160.SH
622,极度负面,2023-08-25 09:00:00+08:00,601390.SH
623,极度负面,2023-08-25 09:00:00+08:00,601390.SH
624,正面,2023-08-25 09:00:00+08:00,603160.SH
625,极度正面,2023-08-25 09:00:00+08:00,603160.SH
626,极度负面,2023-08-28 09:00:00+08:00,600570.SH
627,极度正面,2023-08-28 09:00:00+08:00,600570.SH
628,正面,2023-08-28 09:00:00+08:00,600570.SH
629,正面,2023-08-28 09:00:00+08:00,600570.SH
630,极度正面,2023-08-28 09:00:00+08:00,600570.SH
631,极度正面,2023-08-28 09:00:00+08:00,600570.SH
632,极度正面,2023-08-28 09:00:00+08:00,600570.SH
633,极度正面,2023-08-28 09:00:00+08:00,600570.SH
634,极度正面,2023-08-28 09:00:00+08:00,600036.SH
635,中性,2023-08-28 09:00:00+08:00,600036.SH
636,正面,2023-08-28 09:00:00+08:00,600036.SH
637,正面,2023-08-28 09:00:00+08:00,600036.SH
638,极度正面,2023-08-28 09:00:00+08:00,600570.SH
639,极度正面,2023-08-28 09:00:00+08:00,600570.SH
640,极度正面,2023-08-28 09:00:00+08:00,600570.SH
641,极度正面,2023-08-28 09:00:00+08:00,600570.SH
642,极度正面,2023-08-28 09:00:00+08:00,600570.SH
643,极度负面,2023-08-28 09:00:00+08:00,600570.SH
644,极度正面,2023-08-28 09:00:00+08:00,600570.SH
645,极度正面,2023-08-28 09:00:00+08:00,600570.SH
646,极度正面,2023-08-28 09:00:00+08:00,600570.SH
647,极度正面,2023-08-28 09:00:00+08:00,600570.SH
648,极度负面,2023-08-28 09:00:00+08:00,600570.SH
649,极度正面,2023-08-28 09:00:00+08:00,600570.SH
650,极度正面,2023-08-28 09:00:00+08:00,600570.SH
651,极度正面,2023-08-28 09:00:00+08:00,600570.SH
652,极度负面,2023-08-28 09:00:00+08:00,600570.SH
653,极度正面,2023-08-28 09:00:00+08:00,600570.SH
654,极度正面,2023-08-28 09:00:00+08:00,600570.SH
655,极度正面,2023-08-28 09:00:00+08:00,600570.SH
656,极度正面,2023-08-28 09:00:00+08:00,600570.SH
657,正面,2023-08-29 09:00:00+08:00,601668.SH
658,极度负面,2023-08-29 09:00:00+08:00,600031.SH
659,极度负面,2023-08-29 09:00:00+08:00,600887.SH
660,极度正面,2023-08-29 09:00:00+08:00,600887.SH
661,极度正面,2023-08-29 09:00:00+08:00,600887.SH
662,极度负面,2023-08-29 09:00:00+08:00,600887.SH
663,极度负面,2023-08-29 09:00:00+08:00,600887.SH
664,极度负面,2023-08-29 09:00:00+08:00,600887.SH
665,极度正面,2023-08-29 09:00:00+08:00,603160.SH
666,极度正面,2023-08-29 09:00:00+08:00,600887.SH
667,正面,2023-08-29 09:00:00+08:00,600887.SH
668,极度负面,2023-08-30 09:00:00+08:00,601668.SH
669,正面,2023-08-30 09:00:00+08:00,600887.SH
670,中性,2023-08-30 09:00:00+08:00,601668.SH
671,中性,2023-08-30 09:00:00+08:00,601668.SH
672,中性,2023-08-30 09:00:00+08:00,601668.SH
673,极度正面,2023-08-30 09:00:00+08:00,601668.SH
674,极度正面,2023-08-30 09:00:00+08:00,601668.SH
675,极度负面,2023-08-30 09:00:00+08:00,601668.SH
676,中性,2023-08-31 09:00:00+08:00,601390.SH
677,中性,2023-08-31 09:00:00+08:00,601390.SH
678,极度正面,2023-08-31 09:00:00+08:00,600031.SH
679,中性,2023-08-31 09:00:00+08:00,601390.SH
680,中性,2023-08-31 09:00:00+08:00,601390.SH
681,极度负面,2023-08-31 09:00:00+08:00,600104.SH
682,极度负面,2023-08-31 09:00:00+08:00,600104.SH
683,极度正面,2023-08-31 09:00:00+08:00,600104.SH
684,中性,2023-08-31 09:00:00+08:00,600104.SH
685,极度负面,2023-08-31 09:00:00+08:00,600104.SH
686,极度正面,2023-08-31 09:00:00+08:00,600104.SH
687,中性,2023-08-31 09:00:00+08:00,601390.SH
688,极度正面,2023-08-31 09:00:00+08:00,600104.SH
689,中性,2023-08-31 09:00:00+08:00,601390.SH
690,中性,2023-08-31 09:00:00+08:00,600031.SH
691,极度负面,2023-08-31 09:00:00+08:00,600031.SH
692,正面,2023-08-31 09:00:00+08:00,600031.SH
693,极度负面,2023-08-31 09:00:00+08:00,600031.SH
694,极度负面,2023-08-31 09:00:00+08:00,600031.SH
695,极度负面,2023-08-31 09:00:00+08:00,600031.SH
696,极度正面,2023-08-31 09:00:00+08:00,600031.SH
697,极度正面,2023-08-31 09:00:00+08:00,600031.SH
698,极度负面,2023-08-31 09:00:00+08:00,600031.SH
699,中性,2023-08-31 09:00:00+08:00,600104.SH
700,极度正面,2023-09-01 09:00:00+08:00,600570.SH
701,中性,2023-09-04 09:00:00+08:00,600104.SH
702,正面,2023-09-04 09:00:00+08:00,600570.SH
703,极度负面,2023-09-04 09:00:00+08:00,603160.SH
704,极度正面,2023-09-04 09:00:00+08:00,600570.SH
705,极度负面,2023-09-05 09:00:00+08:00,600346.SH
706,负面,2023-09-05 09:00:00+08:00,600036.SH
707,极度负面,2023-09-05 09:00:00+08:00,600031.SH
708,正面,2023-09-06 09:00:00+08:00,600570.SH
709,极度正面,2023-09-06 09:00:00+08:00,600570.SH
710,极度负面,2023-09-07 09:00:00+08:00,603160.SH
711,正面,2023-09-08 09:00:00+08:00,600570.SH
712,极度正面,2023-09-11 09:00:00+08:00,600346.SH
713,正面,2023-09-11 09:00:00+08:00,600104.SH
714,中性,2023-09-11 09:00:00+08:00,600031.SH
715,极度正面,2023-09-11 09:00:00+08:00,600570.SH
716,正面,2023-09-12 09:00:00+08:00,600346.SH
717,正面,2023-09-12 09:00:00+08:00,600346.SH
718,正面,2023-09-12 09:00:00+08:00,600346.SH
719,极度正面,2023-09-12 09:00:00+08:00,600346.SH
720,极度正面,2023-09-12 09:00:00+08:00,600346.SH
721,正面,2023-09-12 09:00:00+08:00,600346.SH
722,正面,2023-09-12 09:00:00+08:00,603160.SH
723,正面,2023-09-12 09:00:00+08:00,600346.SH
724,极度负面,2023-09-12 09:00:00+08:00,600346.SH
725,极度正面,2023-09-12 09:00:00+08:00,600346.SH
726,正面,2023-09-12 09:00:00+08:00,600346.SH
727,极度负面,2023-09-12 09:00:00+08:00,600346.SH
728,极度负面,2023-09-13 09:00:00+08:00,603160.SH
729,极度正面,2023-09-13 09:00:00+08:00,600570.SH
730,负面,2023-09-13 09:00:00+08:00,603160.SH
731,极度负面,2023-09-13 09:00:00+08:00,603160.SH
732,极度正面,2023-09-13 09:00:00+08:00,603160.SH
733,极度正面,2023-09-13 09:00:00+08:00,600570.SH
734,极度正面,2023-09-13 09:00:00+08:00,600570.SH
735,极度正面,2023-09-13 09:00:00+08:00,600570.SH
736,极度正面,2023-09-13 09:00:00+08:00,600570.SH
737,极度正面,2023-09-13 09:00:00+08:00,600570.SH
738,正面,2023-09-13 09:00:00+08:00,600570.SH
739,正面,2023-09-13 09:00:00+08:00,600570.SH
740,极度正面,2023-09-13 09:00:00+08:00,600570.SH
741,极度负面,2023-09-13 09:00:00+08:00,603160.SH
742,正面,2023-09-13 09:00:00+08:00,600570.SH
743,正面,2023-09-13 09:00:00+08:00,600570.SH
744,正面,2023-09-18 09:00:00+08:00,600031.SH
745,中性,2023-09-18 09:00:00+08:00,600031.SH
746,中性,2023-09-18 09:00:00+08:00,600031.SH
747,正面,2023-09-18 09:00:00+08:00,601668.SH
748,极度正面,2023-09-18 09:00:00+08:00,600570.SH
749,极度正面,2023-09-18 09:00:00+08:00,600570.SH
750,极度正面,2023-09-18 09:00:00+08:00,600570.SH
751,正面,2023-09-18 09:00:00+08:00,600570.SH
752,正面,2023-09-18 09:00:00+08:00,600570.SH
753,负面,2023-09-18 09:00:00+08:00,600031.SH
754,中性,2023-09-20 09:00:00+08:00,600036.SH
755,正面,2023-09-20 09:00:00+08:00,600570.SH
756,极度正面,2023-09-21 09:00:00+08:00,600346.SH
757,中性,2023-09-21 09:00:00+08:00,600050.SH
758,正面,2023-09-25 09:00:00+08:00,601668.SH
759,正面,2023-09-25 09:00:00+08:00,600346.SH
760,极度正面,2023-09-26 09:00:00+08:00,600570.SH
761,负面,2023-09-27 09:00:00+08:00,600036.SH
762,负面,2023-09-27 09:00:00+08:00,600036.SH
763,中性,2023-09-27 09:00:00+08:00,600036.SH
764,正面,2023-09-28 09:00:00+08:00,600887.SH
765,正面,2023-09-28 09:00:00+08:00,601668.SH
766,负面,2023-09-28 09:00:00+08:00,600036.SH
767,极度正面,2023-10-09 09:00:00+08:00,600104.SH
768,正面,2023-10-09 09:00:00+08:00,600104.SH
769,极度正面,2023-10-09 09:00:00+08:00,600887.SH
770,极度正面,2023-10-09 09:00:00+08:00,600570.SH
771,负面,2023-10-09 09:00:00+08:00,600036.SH
772,正面,2023-10-10 09:00:00+08:00,600887.SH
773,极度正面,2023-10-10 09:00:00+08:00,603160.SH
774,正面,2023-10-10 09:00:00+08:00,600887.SH
775,正面,2023-10-10 09:00:00+08:00,600887.SH
776,正面,2023-10-10 09:00:00+08:00,600887.SH
777,极度正面,2023-10-10 09:00:00+08:00,603160.SH
778,正面,2023-10-10 09:00:00+08:00,600570.SH
779,正面,2023-10-10 09:00:00+08:00,600570.SH
780,正面,2023-10-10 09:00:00+08:00,600570.SH
781,中性,2023-10-10 09:00:00+08:00,600104.SH
782,正面,2023-10-10 09:00:00+08:00,600570.SH
783,极度正面,2023-10-10 09:00:00+08:00,600570.SH
784,中性,2023-10-10 09:00:00+08:00,600036.SH
785,正面,2023-10-11 09:00:00+08:00,600887.SH
786,极度负面,2023-10-12 09:00:00+08:00,600104.SH
787,正面,2023-10-12 09:00:00+08:00,601390.SH
788,极度正面,2023-10-12 09:00:00+08:00,600346.SH
789,正面,2023-10-12 09:00:00+08:00,601668.SH
790,极度负面,2023-10-12 09:00:00+08:00,600104.SH
791,正面,2023-10-12 09:00:00+08:00,600346.SH
792,极度正面,2023-10-12 09:00:00+08:00,600346.SH
793,正面,2023-10-12 09:00:00+08:00,600887.SH
794,极度负面,2023-10-13 09:00:00+08:00,603160.SH
795,极度负面,2023-10-13 09:00:00+08:00,603160.SH
796,极度正面,2023-10-13 09:00:00+08:00,600346.SH
797,正面,2023-10-13 09:00:00+08:00,600346.SH
798,正面,2023-10-13 09:00:00+08:00,600887.SH
799,正面,2023-10-16 09:00:00+08:00,600887.SH
800,正面,2023-10-16 09:00:00+08:00,600570.SH
801,负面,2023-10-17 09:00:00+08:00,600036.SH
802,极度正面,2023-10-17 09:00:00+08:00,600570.SH
803,极度负面,2023-10-17 09:00:00+08:00,600887.SH
804,极度负面,2023-10-18 09:00:00+08:00,600887.SH
805,正面,2023-10-18 09:00:00+08:00,600050.SH
806,极度正面,2023-10-18 09:00:00+08:00,601390.SH
807,极度正面,2023-10-19 09:00:00+08:00,600887.SH
808,极度正面,2023-10-19 09:00:00+08:00,600887.SH
809,中性,2023-10-20 09:00:00+08:00,601668.SH
810,正面,2023-10-20 09:00:00+08:00,600104.SH
811,极度正面,2023-10-23 09:00:00+08:00,600346.SH
812,极度正面,2023-10-23 09:00:00+08:00,600346.SH
813,正面,2023-10-23 09:00:00+08:00,600887.SH
814,正面,2023-10-23 09:00:00+08:00,601390.SH
815,极度负面,2023-10-23 09:00:00+08:00,601390.SH
816,负面,2023-10-23 09:00:00+08:00,600036.SH
817,正面,2023-10-23 09:00:00+08:00,601390.SH
818,极度正面,2023-10-24 09:00:00+08:00,601390.SH
819,极度正面,2023-10-24 09:00:00+08:00,603160.SH
820,中性,2023-10-25 09:00:00+08:00,600050.SH
821,中性,2023-10-25 09:00:00+08:00,600050.SH
822,负面,2023-10-25 09:00:00+08:00,600050.SH
823,中性,2023-10-25 09:00:00+08:00,600050.SH
824,负面,2023-10-25 09:00:00+08:00,600050.SH
825,极度负面,2023-10-25 09:00:00+08:00,600050.SH
826,极度正面,2023-10-25 09:00:00+08:00,600050.SH
827,极度正面,2023-10-25 09:00:00+08:00,600050.SH
828,中性,2023-10-25 09:00:00+08:00,600050.SH
829,中性,2023-10-25 09:00:00+08:00,600050.SH
830,极度正面,2023-10-25 09:00:00+08:00,600346.SH
831,中性,2023-10-25 09:00:00+08:00,601668.SH
832,极度正面,2023-10-25 09:00:00+08:00,600050.SH
833,极度正面,2023-10-26 09:00:00+08:00,603160.SH
834,正面,2023-10-26 09:00:00+08:00,601668.SH
835,正面,2023-10-26 09:00:00+08:00,601668.SH
836,正面,2023-10-26 09:00:00+08:00,600036.SH
837,正面,2023-10-27 09:00:00+08:00,600570.SH
838,正面,2023-10-27 09:00:00+08:00,600104.SH
839,正面,2023-10-27 09:00:00+08:00,600570.SH
840,正面,2023-10-27 09:00:00+08:00,600104.SH
841,正面,2023-10-27 09:00:00+08:00,600104.SH
842,正面,2023-10-27 09:00:00+08:00,600104.SH
843,正面,2023-10-27 09:00:00+08:00,600570.SH
844,极度正面,2023-10-27 09:00:00+08:00,600570.SH
845,正面,2023-10-27 09:00:00+08:00,600104.SH
846,正面,2023-10-27 09:00:00+08:00,600104.SH
847,极度正面,2023-10-27 09:00:00+08:00,600570.SH
848,中性,2023-10-27 09:00:00+08:00,601668.SH
849,正面,2023-10-27 09:00:00+08:00,601668.SH
850,中性,2023-10-27 09:00:00+08:00,601668.SH
851,极度负面,2023-10-27 09:00:00+08:00,601668.SH
852,正面,2023-10-27 09:00:00+08:00,601668.SH
853,极度正面,2023-10-30 09:00:00+08:00,600570.SH
854,极度负面,2023-10-30 09:00:00+08:00,600036.SH
855,正面,2023-10-30 09:00:00+08:00,600050.SH
856,极度正面,2023-10-30 09:00:00+08:00,600570.SH
857,极度正面,2023-10-30 09:00:00+08:00,600346.SH
858,极度正面,2023-10-30 09:00:00+08:00,600346.SH
859,极度正面,2023-10-30 09:00:00+08:00,600346.SH
860,正面,2023-10-30 09:00:00+08:00,600346.SH
861,极度正面,2023-10-30 09:00:00+08:00,600346.SH
862,正面,2023-10-30 09:00:00+08:00,600036.SH
863,极度负面,2023-10-31 09:00:00+08:00,600031.SH
864,正面,2023-10-31 09:00:00+08:00,601390.SH
865,正面,2023-10-31 09:00:00+08:00,601668.SH
866,中性,2023-10-31 09:00:00+08:00,601668.SH
867,极度正面,2023-10-31 09:00:00+08:00,601390.SH
868,正面,2023-10-31 09:00:00+08:00,601390.SH
869,极度正面,2023-10-31 09:00:00+08:00,600887.SH
870,极度负面,2023-10-31 09:00:00+08:00,600887.SH
871,中性,2023-11-01 09:00:00+08:00,601668.SH
872,正面,2023-11-02 09:00:00+08:00,600346.SH
873,正面,2023-11-02 09:00:00+08:00,601668.SH
874,正面,2023-11-02 09:00:00+08:00,603160.SH
875,正面,2023-11-02 09:00:00+08:00,600570.SH
876,正面,2023-11-02 09:00:00+08:00,600104.SH
877,负面,2023-11-03 09:00:00+08:00,601668.SH
878,正面,2023-11-06 09:00:00+08:00,600036.SH
879,负面,2023-11-06 09:00:00+08:00,600050.SH
880,中性,2023-11-06 09:00:00+08:00,600050.SH
881,极度正面,2023-11-06 09:00:00+08:00,600570.SH
882,正面,2023-11-06 09:00:00+08:00,600050.SH
883,负面,2023-11-06 09:00:00+08:00,600050.SH
884,正面,2023-11-07 09:00:00+08:00,600104.SH
885,正面,2023-11-08 09:00:00+08:00,600036.SH
886,正面,2023-11-10 09:00:00+08:00,603160.SH
887,正面,2023-11-10 09:00:00+08:00,600346.SH
888,极度负面,2023-11-13 09:00:00+08:00,600031.SH
889,正面,2023-11-13 09:00:00+08:00,600031.SH
890,正面,2023-11-13 09:00:00+08:00,601668.SH
891,极度正面,2023-11-15 09:00:00+08:00,603160.SH
892,极度正面,2023-11-15 09:00:00+08:00,603160.SH
893,极度正面,2023-11-15 09:00:00+08:00,603160.SH
894,极度正面,2023-11-15 09:00:00+08:00,603160.SH
895,极度正面,2023-11-15 09:00:00+08:00,603160.SH
896,极度正面,2023-11-15 09:00:00+08:00,603160.SH
897,极度正面,2023-11-15 09:00:00+08:00,603160.SH
898,极度正面,2023-11-15 09:00:00+08:00,603160.SH
899,极度负面,2023-11-15 09:00:00+08:00,603160.SH
900,极度正面,2023-11-15 09:00:00+08:00,603160.SH
901,极度负面,2023-11-15 09:00:00+08:00,603160.SH
902,极度负面,2023-11-15 09:00:00+08:00,603160.SH
903,极度负面,2023-11-15 09:00:00+08:00,603160.SH
904,极度正面,2023-11-15 09:00:00+08:00,603160.SH
905,极度正面,2023-11-15 09:00:00+08:00,603160.SH
906,极度正面,2023-11-15 09:00:00+08:00,603160.SH
907,极度正面,2023-11-15 09:00:00+08:00,603160.SH
908,极度负面,2023-11-15 09:00:00+08:00,603160.SH
909,极度正面,2023-11-15 09:00:00+08:00,603160.SH
910,正面,2023-11-15 09:00:00+08:00,600887.SH
911,正面,2023-11-15 09:00:00+08:00,600887.SH
912,正面,2023-11-16 09:00:00+08:00,600887.SH
913,极度正面,2023-11-17 09:00:00+08:00,600570.SH
914,正面,2023-11-17 09:00:00+08:00,601668.SH
915,极度正面,2023-11-17 09:00:00+08:00,600031.SH
916,正面,2023-11-20 09:00:00+08:00,601668.SH
917,中性,2023-11-20 09:00:00+08:00,601390.SH
918,极度负面,2023-11-20 09:00:00+08:00,600346.SH
919,极度负面,2023-11-20 09:00:00+08:00,601390.SH
920,正面,2023-11-21 09:00:00+08:00,603160.SH
921,正面,2023-11-21 09:00:00+08:00,600050.SH
922,中性,2023-11-22 09:00:00+08:00,600036.SH
923,极度正面,2023-11-22 09:00:00+08:00,600031.SH
924,中性,2023-11-27 09:00:00+08:00,600036.SH
925,负面,2023-11-27 09:00:00+08:00,600050.SH
926,正面,2023-11-27 09:00:00+08:00,600104.SH
927,中性,2023-11-28 09:00:00+08:00,600036.SH
928,极度负面,2023-11-28 09:00:00+08:00,600031.SH
929,负面,2023-11-29 09:00:00+08:00,600036.SH
930,中性,2023-11-29 09:00:00+08:00,601668.SH
931,正面,2023-12-01 09:00:00+08:00,600050.SH
932,中性,2023-12-01 09:00:00+08:00,600050.SH
933,正面,2023-12-01 09:00:00+08:00,600887.SH
934,极度正面,2023-12-04 09:00:00+08:00,600570.SH
935,正面,2023-12-04 09:00:00+08:00,600050.SH
936,负面,2023-12-04 09:00:00+08:00,600104.SH
937,负面,2023-12-04 09:00:00+08:00,600050.SH
938,正面,2023-12-04 09:00:00+08:00,603160.SH
939,负面,2023-12-04 09:00:00+08:00,600036.SH
940,负面,2023-12-04 09:00:00+08:00,600036.SH
941,正面,2023-12-04 09:00:00+08:00,603160.SH
942,中性,2023-12-04 09:00:00+08:00,603160.SH
943,正面,2023-12-06 09:00:00+08:00,601668.SH
944,正面,2023-12-07 09:00:00+08:00,600036.SH
945,正面,2023-12-07 09:00:00+08:00,600050.SH
946,正面,2023-12-07 09:00:00+08:00,600104.SH
947,负面,2023-12-07 09:00:00+08:00,600887.SH
948,中性,2023-12-08 09:00:00+08:00,601668.SH
949,中性,2023-12-08 09:00:00+08:00,601668.SH
950,中性,2023-12-08 09:00:00+08:00,601668.SH
951,中性,2023-12-08 09:00:00+08:00,601668.SH
952,中性,2023-12-08 09:00:00+08:00,601668.SH
953,中性,2023-12-08 09:00:00+08:00,601668.SH
954,中性,2023-12-08 09:00:00+08:00,601668.SH
955,中性,2023-12-08 09:00:00+08:00,601668.SH
956,正面,2023-12-08 09:00:00+08:00,601668.SH
957,中性,2023-12-08 09:00:00+08:00,601668.SH
958,中性,2023-12-08 09:00:00+08:00,601668.SH
959,中性,2023-12-08 09:00:00+08:00,601668.SH
960,中性,2023-12-08 09:00:00+08:00,601668.SH
961,中性,2023-12-08 09:00:00+08:00,601668.SH
962,中性,2023-12-08 09:00:00+08:00,601668.SH
963,正面,2023-12-08 09:00:00+08:00,601668.SH
964,中性,2023-12-08 09:00:00+08:00,601668.SH
965,极度正面,2023-12-08 09:00:00+08:00,601668.SH
966,负面,2023-12-08 09:00:00+08:00,601668.SH
967,中性,2023-12-08 09:00:00+08:00,601668.SH
968,正面,2023-12-12 09:00:00+08:00,600346.SH
969,正面,2023-12-13 09:00:00+08:00,600570.SH
970,中性,2023-12-13 09:00:00+08:00,601668.SH
971,极度正面,2023-12-14 09:00:00+08:00,600346.SH
972,极度正面,2023-12-14 09:00:00+08:00,600346.SH
973,极度正面,2023-12-14 09:00:00+08:00,600346.SH
974,极度正面,2023-12-14 09:00:00+08:00,600346.SH
975,极度正面,2023-12-14 09:00:00+08:00,600346.SH
976,极度正面,2023-12-14 09:00:00+08:00,600346.SH
977,极度正面,2023-12-14 09:00:00+08:00,600346.SH
978,正面,2023-12-14 09:00:00+08:00,600346.SH
979,极度负面,2023-12-14 09:00:00+08:00,600346.SH
980,中性,2023-12-14 09:00:00+08:00,600346.SH
981,正面,2023-12-14 09:00:00+08:00,600346.SH
982,正面,2023-12-15 09:00:00+08:00,600104.SH
983,正面,2023-12-15 09:00:00+08:00,601668.SH
984,正面,2023-12-15 09:00:00+08:00,601668.SH
985,正面,2023-12-15 09:00:00+08:00,601668.SH
986,负面,2023-12-15 09:00:00+08:00,601668.SH
987,极度正面,2023-12-19 09:00:00+08:00,600346.SH
988,正面,2023-12-20 09:00:00+08:00,600050.SH
989,极度正面,2023-12-22 09:00:00+08:00,603160.SH
990,极度正面,2023-12-22 09:00:00+08:00,603160.SH
991,极度正面,2023-12-22 09:00:00+08:00,603160.SH
992,正面,2023-12-22 09:00:00+08:00,603160.SH
993,极度正面,2023-12-22 09:00:00+08:00,603160.SH
994,正面,2023-12-22 09:00:00+08:00,603160.SH
995,极度正面,2023-12-22 09:00:00+08:00,603160.SH
996,正面,2023-12-22 09:00:00+08:00,603160.SH
997,中性,2023-12-22 09:00:00+08:00,603160.SH
998,正面,2023-12-22 09:00:00+08:00,603160.SH
999,极度正面,2023-12-22 09:00:00+08:00,603160.SH
1000,中性,2023-12-22 09:00:00+08:00,603160.SH
1001,负面,2023-12-22 09:00:00+08:00,600050.SH
1002,极度正面,2023-12-22 09:00:00+08:00,603160.SH
1003,极度正面,2023-12-22 09:00:00+08:00,603160.SH
1004,极度负面,2023-12-25 09:00:00+08:00,600104.SH
1005,中性,2023-12-25 09:00:00+08:00,600104.SH
1006,正面,2023-12-25 09:00:00+08:00,601390.SH
1007,极度正面,2023-12-25 09:00:00+08:00,600346.SH
1008,极度负面,2023-12-27 09:00:00+08:00,600031.SH
1009,中性,2023-12-27 09:00:00+08:00,600031.SH
1010,中性,2023-12-27 09:00:00+08:00,600031.SH
1011,中性,2023-12-27 09:00:00+08:00,600031.SH
1012,中性,2023-12-27 09:00:00+08:00,600031.SH
1013,极度负面,2023-12-27 09:00:00+08:00,600031.SH
1014,中性,2023-12-27 09:00:00+08:00,601668.SH
1015,极度负面,2023-12-27 09:00:00+08:00,600031.SH
1016,正面,2023-12-27 09:00:00+08:00,600031.SH
1017,极度正面,2023-12-27 09:00:00+08:00,600031.SH
1018,极度正面,2023-12-27 09:00:00+08:00,600031.SH
1019,中性,2023-12-28 09:00:00+08:00,601668.SH
1020,正面,2023-12-28 09:00:00+08:00,600887.SH
1021,中性,2023-12-28 09:00:00+08:00,601668.SH
1022,正面,2023-12-28 09:00:00+08:00,600570.SH
1023,中性,2023-12-28 09:00:00+08:00,601668.SH
1024,中性,2023-12-28 09:00:00+08:00,601668.SH
1025,中性,2023-12-28 09:00:00+08:00,601668.SH
1026,正面,2023-12-28 09:00:00+08:00,601668.SH
1027,负面,2023-12-28 09:00:00+08:00,601668.SH
1028,中性,2023-12-28 09:00:00+08:00,601668.SH
1029,中性,2023-12-28 09:00:00+08:00,601668.SH
1030,极度正面,2023-12-28 09:00:00+08:00,601668.SH
1031,中性,2023-12-28 09:00:00+08:00,601668.SH
1032,负面,2023-12-28 09:00:00+08:00,601668.SH
1033,正面,2023-12-29 09:00:00+08:00,600887.SH
1034,中性,2023-12-29 09:00:00+08:00,600036.SH
1035,中性,2023-12-29 09:00:00+08:00,600036.SH
1036,正面,2024-01-02 09:00:00+08:00,603160.SH
1037,正面,2024-01-02 09:00:00+08:00,601668.SH
1038,中性,2024-01-02 09:00:00+08:00,600887.SH
1039,中性,2024-01-02 09:00:00+08:00,601390.SH
1040,极度正面,2024-01-02 09:00:00+08:00,600570.SH
1041,极度正面,2024-01-02 09:00:00+08:00,601390.SH
1042,正面,2024-01-02 09:00:00+08:00,601390.SH
1043,正面,2024-01-02 09:00:00+08:00,601390.SH
1044,负面,2024-01-02 09:00:00+08:00,601390.SH
1045,中性,2024-01-02 09:00:00+08:00,601390.SH
1046,极度正面,2024-01-02 09:00:00+08:00,600346.SH
1047,正面,2024-01-02 09:00:00+08:00,601390.SH
1048,中性,2024-01-02 09:00:00+08:00,601390.SH
1049,极度正面,2024-01-02 09:00:00+08:00,600346.SH
1050,极度正面,2024-01-03 09:00:00+08:00,603160.SH
1051,极度正面,2024-01-03 09:00:00+08:00,603160.SH
1052,正面,2024-01-03 09:00:00+08:00,600104.SH
1053,正面,2024-01-03 09:00:00+08:00,600570.SH
1054,极度正面,2024-01-04 09:00:00+08:00,600346.SH
1055,极度正面,2024-01-04 09:00:00+08:00,600346.SH
1056,正面,2024-01-04 09:00:00+08:00,600104.SH
1057,极度正面,2024-01-04 09:00:00+08:00,603160.SH
1058,极度正面,2024-01-04 09:00:00+08:00,603160.SH
1059,中性,2024-01-05 09:00:00+08:00,600031.SH
1060,极度负面,2024-01-08 09:00:00+08:00,600036.SH
1061,极度负面,2024-01-08 09:00:00+08:00,600036.SH
1062,极度正面,2024-01-08 09:00:00+08:00,600887.SH
1063,极度负面,2024-01-08 09:00:00+08:00,600887.SH
1064,极度负面,2024-01-08 09:00:00+08:00,600570.SH
1065,极度正面,2024-01-09 09:00:00+08:00,600346.SH
1066,正面,2024-01-10 09:00:00+08:00,600887.SH
1067,正面,2024-01-10 09:00:00+08:00,601668.SH
1068,负面,2024-01-10 09:00:00+08:00,601668.SH
1069,正面,2024-01-10 09:00:00+08:00,601668.SH
1070,中性,2024-01-10 09:00:00+08:00,601668.SH
1071,正面,2024-01-11 09:00:00+08:00,600104.SH
1072,正面,2024-01-11 09:00:00+08:00,600887.SH
1073,极度正面,2024-01-12 09:00:00+08:00,600036.SH
1074,正面,2024-01-12 09:00:00+08:00,600887.SH
1075,正面,2024-01-12 09:00:00+08:00,601668.SH
1076,极度正面,2024-01-15 09:00:00+08:00,600346.SH
1077,极度正面,2024-01-15 09:00:00+08:00,603160.SH
1078,正面,2024-01-15 09:00:00+08:00,600346.SH
1079,中性,2024-01-15 09:00:00+08:00,600031.SH
1080,正面,2024-01-15 09:00:00+08:00,600031.SH
1081,正面,2024-01-16 09:00:00+08:00,600887.SH
1082,极度负面,2024-01-17 09:00:00+08:00,600036.SH
1083,正面,2024-01-17 09:00:00+08:00,600887.SH
1084,中性,2024-01-18 09:00:00+08:00,601390.SH
1085,极度正面,2024-01-18 09:00:00+08:00,601390.SH
1086,极度负面,2024-01-22 09:00:00+08:00,600036.SH
1087,正面,2024-01-22 09:00:00+08:00,603160.SH
1088,负面,2024-01-22 09:00:00+08:00,601668.SH
1089,中性,2024-01-22 09:00:00+08:00,601668.SH
1090,正面,2024-01-22 09:00:00+08:00,603160.SH
1091,正面,2024-01-22 09:00:00+08:00,603160.SH
1092,极度正面,2024-01-22 09:00:00+08:00,603160.SH
1093,正面,2024-01-22 09:00:00+08:00,603160.SH
1094,正面,2024-01-22 09:00:00+08:00,603160.SH
1095,极度正面,2024-01-22 09:00:00+08:00,603160.SH
1096,极度正面,2024-01-22 09:00:00+08:00,603160.SH
1097,极度正面,2024-01-23 09:00:00+08:00,600050.SH
1098,极度正面,2024-01-29 09:00:00+08:00,600570.SH
1099,极度正面,2024-01-29 09:00:00+08:00,600050.SH
1100,正面,2024-01-29 09:00:00+08:00,600887.SH
1101,极度正面,2024-01-30 09:00:00+08:00,603160.SH
1102,正面,2024-01-30 09:00:00+08:00,600346.SH
1103,正面,2024-01-30 09:00:00+08:00,601390.SH
1104,中性,2024-01-30 09:00:00+08:00,601390.SH
1105,正面,2024-01-31 09:00:00+08:00,600887.SH
1106,正面,2024-01-31 09:00:00+08:00,601668.SH
1107,极度正面,2024-01-31 09:00:00+08:00,600346.SH
1108,正面,2024-02-01 09:00:00+08:00,603160.SH
1109,正面,2024-02-01 09:00:00+08:00,600570.SH
1110,正面,2024-02-01 09:00:00+08:00,600031.SH
1111,中性,2024-02-01 09:00:00+08:00,600104.SH
1112,正面,2024-02-02 09:00:00+08:00,600346.SH
1113,极度负面,2024-02-06 09:00:00+08:00,601390.SH
1114,正面,2024-02-06 09:00:00+08:00,600031.SH
1115,正面,2024-02-06 09:00:00+08:00,603160.SH
1116,中性,2024-02-06 09:00:00+08:00,603160.SH
1117,正面,2024-02-06 09:00:00+08:00,600031.SH
1118,极度负面,2024-02-07 09:00:00+08:00,600887.SH
1119,正面,2024-02-19 09:00:00+08:00,600104.SH
1120,极度正面,2024-02-19 09:00:00+08:00,600031.SH
1121,正面,2024-02-19 09:00:00+08:00,600104.SH
1122,极度正面,2024-02-19 09:00:00+08:00,600104.SH
1123,极度正面,2024-02-19 09:00:00+08:00,600346.SH
1124,极度负面,2024-02-20 09:00:00+08:00,600031.SH
1125,极度正面,2024-02-21 09:00:00+08:00,600050.SH
1126,极度正面,2024-02-21 09:00:00+08:00,600346.SH
1127,正面,2024-02-21 09:00:00+08:00,601668.SH
1128,极度正面,2024-02-21 09:00:00+08:00,600346.SH
1129,正面,2024-02-22 09:00:00+08:00,600570.SH
1130,极度正面,2024-02-26 09:00:00+08:00,600570.SH
1131,正面,2024-02-27 09:00:00+08:00,601668.SH
1132,负面,2024-02-27 09:00:00+08:00,601668.SH
1133,负面,2024-02-28 09:00:00+08:00,601668.SH
1134,正面,2024-03-04 09:00:00+08:00,600104.SH
1135,正面,2024-03-04 09:00:00+08:00,600031.SH
1136,极度正面,2024-03-04 09:00:00+08:00,600570.SH
1137,中性,2024-03-04 09:00:00+08:00,603160.SH
1138,中性,2024-03-05 09:00:00+08:00,600050.SH
1139,中性,2024-03-07 09:00:00+08:00,601390.SH
1140,中性,2024-03-07 09:00:00+08:00,601390.SH
1141,极度负面,2024-03-11 09:00:00+08:00,600104.SH
1142,极度正面,2024-03-11 09:00:00+08:00,600031.SH
1143,极度负面,2024-03-12 09:00:00+08:00,600346.SH
1144,极度正面,2024-03-12 09:00:00+08:00,600346.SH
1145,极度正面,2024-03-12 09:00:00+08:00,600346.SH
1146,极度负面,2024-03-12 09:00:00+08:00,603160.SH
1147,负面,2024-03-12 09:00:00+08:00,600050.SH
1148,极度负面,2024-03-12 09:00:00+08:00,600050.SH
1149,极度正面,2024-03-12 09:00:00+08:00,603160.SH
1150,负面,2024-03-13 09:00:00+08:00,600050.SH
1151,正面,2024-03-14 09:00:00+08:00,600887.SH
1152,极度正面,2024-03-14 09:00:00+08:00,600036.SH
1153,极度负面,2024-03-15 09:00:00+08:00,600036.SH
1154,负面,2024-03-18 09:00:00+08:00,601668.SH
1155,极度正面,2024-03-19 09:00:00+08:00,600036.SH
1156,极度负面,2024-03-19 09:00:00+08:00,600570.SH
1157,中性,2024-03-20 09:00:00+08:00,600050.SH
1158,负面,2024-03-20 09:00:00+08:00,600050.SH
1159,中性,2024-03-20 09:00:00+08:00,600050.SH
1160,负面,2024-03-20 09:00:00+08:00,600050.SH
1161,中性,2024-03-20 09:00:00+08:00,600050.SH
1162,中性,2024-03-20 09:00:00+08:00,600050.SH
1163,中性,2024-03-20 09:00:00+08:00,600050.SH
1164,中性,2024-03-20 09:00:00+08:00,600050.SH
1165,极度负面,2024-03-20 09:00:00+08:00,600050.SH
1166,中性,2024-03-20 09:00:00+08:00,600050.SH
1167,中性,2024-03-20 09:00:00+08:00,600050.SH
1168,中性,2024-03-20 09:00:00+08:00,600050.SH
1169,负面,2024-03-20 09:00:00+08:00,600050.SH
1170,中性,2024-03-20 09:00:00+08:00,600050.SH
1171,中性,2024-03-20 09:00:00+08:00,600050.SH
1172,中性,2024-03-20 09:00:00+08:00,600050.SH
1173,负面,2024-03-20 09:00:00+08:00,600050.SH
1174,中性,2024-03-20 09:00:00+08:00,600050.SH
1175,负面,2024-03-20 09:00:00+08:00,600050.SH
1176,负面,2024-03-20 09:00:00+08:00,600050.SH
1177,中性,2024-03-20 09:00:00+08:00,600050.SH
1178,中性,2024-03-20 09:00:00+08:00,600050.SH
1179,中性,2024-03-20 09:00:00+08:00,600050.SH
1180,中性,2024-03-20 09:00:00+08:00,600050.SH
1181,负面,2024-03-20 09:00:00+08:00,600050.SH
1182,负面,2024-03-20 09:00:00+08:00,600050.SH
1183,极度正面,2024-03-20 09:00:00+08:00,600050.SH
1184,中性,2024-03-20 09:00:00+08:00,600050.SH
1185,中性,2024-03-20 09:00:00+08:00,600050.SH
1186,中性,2024-03-20 09:00:00+08:00,600050.SH
1187,负面,2024-03-20 09:00:00+08:00,600050.SH
1188,负面,2024-03-20 09:00:00+08:00,600050.SH
1189,负面,2024-03-20 09:00:00+08:00,600050.SH
1190,极度负面,2024-03-20 09:00:00+08:00,600050.SH
1191,极度负面,2024-03-21 09:00:00+08:00,603160.SH
1192,负面,2024-03-21 09:00:00+08:00,601668.SH
1193,正面,2024-03-21 09:00:00+08:00,601668.SH
1194,中性,2024-03-21 09:00:00+08:00,600887.SH
1195,中性,2024-03-21 09:00:00+08:00,601668.SH
1196,中性,2024-03-21 09:00:00+08:00,601668.SH
1197,极度正面,2024-03-25 09:00:00+08:00,600036.SH
1198,极度正面,2024-03-25 09:00:00+08:00,600570.SH
1199,极度正面,2024-03-25 09:00:00+08:00,600570.SH
1200,极度正面,2024-03-25 09:00:00+08:00,600570.SH
1201,极度正面,2024-03-25 09:00:00+08:00,600570.SH
1202,极度负面,2024-03-25 09:00:00+08:00,600570.SH
1203,极度负面,2024-03-25 09:00:00+08:00,600570.SH
1204,极度负面,2024-03-25 09:00:00+08:00,600570.SH
1205,中性,2024-03-25 09:00:00+08:00,600570.SH
1206,极度正面,2024-03-25 09:00:00+08:00,600570.SH
1207,正面,2024-03-25 09:00:00+08:00,600570.SH
1208,极度正面,2024-03-25 09:00:00+08:00,600570.SH
1209,极度正面,2024-03-25 09:00:00+08:00,600570.SH
1210,极度负面,2024-03-25 09:00:00+08:00,600036.SH
1211,极度正面,2024-03-25 09:00:00+08:00,600570.SH
1212,极度正面,2024-03-25 09:00:00+08:00,600570.SH
1213,极度负面,2024-03-25 09:00:00+08:00,600570.SH
1214,极度正面,2024-03-25 09:00:00+08:00,600570.SH
1215,极度负面,2024-03-25 09:00:00+08:00,600104.SH
1216,中性,2024-03-25 09:00:00+08:00,601668.SH
1217,极度正面,2024-03-25 09:00:00+08:00,600570.SH
1218,极度正面,2024-03-25 09:00:00+08:00,600570.SH
1219,极度正面,2024-03-25 09:00:00+08:00,600570.SH
1220,极度正面,2024-03-25 09:00:00+08:00,600570.SH
1221,极度负面,2024-03-25 09:00:00+08:00,600570.SH
1222,极度正面,2024-03-25 09:00:00+08:00,600570.SH
1223,极度正面,2024-03-25 09:00:00+08:00,600570.SH
1224,极度正面,2024-03-25 09:00:00+08:00,600570.SH
1225,极度负面,2024-03-25 09:00:00+08:00,600570.SH
1226,极度正面,2024-03-25 09:00:00+08:00,600570.SH
1227,极度负面,2024-03-25 09:00:00+08:00,600570.SH
1228,中性,2024-03-26 09:00:00+08:00,600036.SH
1229,负面,2024-03-26 09:00:00+08:00,600036.SH
1230,极度正面,2024-03-26 09:00:00+08:00,600036.SH
1231,极度正面,2024-03-26 09:00:00+08:00,600036.SH
1232,极度负面,2024-03-26 09:00:00+08:00,600036.SH
1233,极度负面,2024-03-26 09:00:00+08:00,600036.SH
1234,极度负面,2024-03-26 09:00:00+08:00,600036.SH
1235,中性,2024-03-26 09:00:00+08:00,600036.SH
1236,负面,2024-03-26 09:00:00+08:00,600036.SH
1237,中性,2024-03-26 09:00:00+08:00,600036.SH
1238,中性,2024-03-26 09:00:00+08:00,600036.SH
1239,极度负面,2024-03-26 09:00:00+08:00,600036.SH
1240,正面,2024-03-26 09:00:00+08:00,600036.SH
1241,负面,2024-03-26 09:00:00+08:00,600036.SH
1242,极度负面,2024-03-26 09:00:00+08:00,600036.SH
1243,中性,2024-03-26 09:00:00+08:00,600036.SH
1244,极度正面,2024-03-26 09:00:00+08:00,600036.SH
1245,极度正面,2024-03-26 09:00:00+08:00,600036.SH
1246,极度负面,2024-03-27 09:00:00+08:00,601390.SH
1247,中性,2024-03-29 09:00:00+08:00,601668.SH
1248,中性,2024-03-29 09:00:00+08:00,601390.SH
1249,中性,2024-03-29 09:00:00+08:00,601390.SH
1250,中性,2024-03-29 09:00:00+08:00,601390.SH
1251,中性,2024-03-29 09:00:00+08:00,601390.SH
1252,中性,2024-03-29 09:00:00+08:00,601390.SH
1253,负面,2024-03-29 09:00:00+08:00,601390.SH
1254,负面,2024-03-29 09:00:00+08:00,601390.SH
1255,负面,2024-03-29 09:00:00+08:00,601390.SH
1256,负面,2024-03-29 09:00:00+08:00,601390.SH
1257,负面,2024-03-29 09:00:00+08:00,601390.SH
1258,负面,2024-03-29 09:00:00+08:00,601390.SH
1259,负面,2024-03-29 09:00:00+08:00,601390.SH
1260,中性,2024-03-29 09:00:00+08:00,601390.SH
1261,极度负面,2024-03-29 09:00:00+08:00,601390.SH
1262,中性,2024-03-29 09:00:00+08:00,601390.SH
1263,中性,2024-03-29 09:00:00+08:00,601390.SH
1264,中性,2024-03-29 09:00:00+08:00,601390.SH
1265,中性,2024-03-29 09:00:00+08:00,601390.SH
1266,中性,2024-03-29 09:00:00+08:00,601390.SH
1267,负面,2024-03-29 09:00:00+08:00,601390.SH
1268,负面,2024-03-29 09:00:00+08:00,601390.SH
1269,正面,2024-04-01 09:00:00+08:00,600104.SH
1270,极度正面,2024-04-01 09:00:00+08:00,600104.SH
1271,极度正面,2024-04-01 09:00:00+08:00,600104.SH
1272,正面,2024-04-01 09:00:00+08:00,600104.SH
1273,极度正面,2024-04-01 09:00:00+08:00,600104.SH
1274,极度正面,2024-04-01 09:00:00+08:00,600104.SH
1275,极度正面,2024-04-01 09:00:00+08:00,600104.SH
1276,极度正面,2024-04-01 09:00:00+08:00,600104.SH
1277,极度正面,2024-04-01 09:00:00+08:00,600104.SH
1278,极度正面,2024-04-01 09:00:00+08:00,600104.SH
1279,正面,2024-04-01 09:00:00+08:00,600887.SH
1280,极度正面,2024-04-01 09:00:00+08:00,600104.SH
1281,正面,2024-04-01 09:00:00+08:00,600104.SH
1282,极度负面,2024-04-01 09:00:00+08:00,600104.SH
1283,中性,2024-04-01 09:00:00+08:00,600104.SH
1284,极度正面,2024-04-01 09:00:00+08:00,600104.SH
1285,极度正面,2024-04-01 09:00:00+08:00,600104.SH
1286,正面,2024-04-01 09:00:00+08:00,600104.SH
1287,极度正面,2024-04-01 09:00:00+08:00,600104.SH
1288,中性,2024-04-01 09:00:00+08:00,600104.SH
1289,中性,2024-04-01 09:00:00+08:00,600104.SH
1290,极度正面,2024-04-01 09:00:00+08:00,600104.SH
1291,极度正面,2024-04-01 09:00:00+08:00,600104.SH
1292,极度负面,2024-04-01 09:00:00+08:00,600104.SH
1293,极度正面,2024-04-01 09:00:00+08:00,600104.SH
1294,极度正面,2024-04-01 09:00:00+08:00,600104.SH
1295,正面,2024-04-01 09:00:00+08:00,600104.SH
1296,正面,2024-04-01 09:00:00+08:00,600104.SH
1297,正面,2024-04-01 09:00:00+08:00,600104.SH
1298,极度正面,2024-04-01 09:00:00+08:00,600104.SH
1299,极度正面,2024-04-01 09:00:00+08:00,600104.SH
1300,极度正面,2024-04-01 09:00:00+08:00,600104.SH
1301,极度正面,2024-04-01 09:00:00+08:00,600104.SH
1302,极度负面,2024-04-01 09:00:00+08:00,600104.SH
1303,极度正面,2024-04-01 09:00:00+08:00,600104.SH
1304,正面,2024-04-01 09:00:00+08:00,600104.SH
1305,极度正面,2024-04-02 09:00:00+08:00,600887.SH
1306,极度正面,2024-04-02 09:00:00+08:00,600570.SH
1307,中性,2024-04-02 09:00:00+08:00,600050.SH
1308,正面,2024-04-02 09:00:00+08:00,600031.SH
1309,极度正面,2024-04-02 09:00:00+08:00,600570.SH
1310,中性,2024-04-02 09:00:00+08:00,600104.SH
1311,极度正面,2024-04-03 09:00:00+08:00,603160.SH
1312,极度负面,2024-04-03 09:00:00+08:00,603160.SH
1313,负面,2024-04-03 09:00:00+08:00,603160.SH
1314,极度正面,2024-04-08 09:00:00+08:00,600104.SH
1315,极度正面,2024-04-08 09:00:00+08:00,600031.SH
1316,极度负面,2024-04-08 09:00:00+08:00,600031.SH
1317,极度负面,2024-04-08 09:00:00+08:00,600031.SH
1318,极度负面,2024-04-08 09:00:00+08:00,600031.SH
1319,极度正面,2024-04-08 09:00:00+08:00,600031.SH
1320,极度负面,2024-04-08 09:00:00+08:00,600031.SH
1321,极度正面,2024-04-08 09:00:00+08:00,600031.SH
1322,极度正面,2024-04-08 09:00:00+08:00,600031.SH
1323,正面,2024-04-08 09:00:00+08:00,600031.SH
1324,极度负面,2024-04-08 09:00:00+08:00,600031.SH
1325,极度正面,2024-04-08 09:00:00+08:00,600887.SH
1326,极度负面,2024-04-09 09:00:00+08:00,600104.SH
1327,极度正面,2024-04-10 09:00:00+08:00,600346.SH
1328,极度正面,2024-04-10 09:00:00+08:00,600346.SH
1329,极度正面,2024-04-10 09:00:00+08:00,600346.SH
1330,极度正面,2024-04-10 09:00:00+08:00,600346.SH
1331,极度正面,2024-04-10 09:00:00+08:00,600346.SH
1332,极度正面,2024-04-10 09:00:00+08:00,600346.SH
1333,极度正面,2024-04-10 09:00:00+08:00,600346.SH
1334,极度正面,2024-04-10 09:00:00+08:00,600346.SH
1335,极度正面,2024-04-10 09:00:00+08:00,600346.SH
1336,极度正面,2024-04-10 09:00:00+08:00,600346.SH
1337,极度正面,2024-04-10 09:00:00+08:00,600346.SH
1338,极度正面,2024-04-10 09:00:00+08:00,600346.SH
1339,极度正面,2024-04-10 09:00:00+08:00,600346.SH
1340,极度正面,2024-04-10 09:00:00+08:00,600346.SH
1341,极度正面,2024-04-10 09:00:00+08:00,600346.SH
1342,极度正面,2024-04-10 09:00:00+08:00,600346.SH
1343,正面,2024-04-10 09:00:00+08:00,600346.SH
1344,正面,2024-04-10 09:00:00+08:00,600346.SH
1345,极度负面,2024-04-10 09:00:00+08:00,600346.SH
1346,极度正面,2024-04-10 09:00:00+08:00,600346.SH
1347,极度正面,2024-04-10 09:00:00+08:00,600346.SH
1348,极度正面,2024-04-10 09:00:00+08:00,600346.SH
1349,极度正面,2024-04-10 09:00:00+08:00,600346.SH
1350,极度正面,2024-04-10 09:00:00+08:00,600346.SH
1351,极度负面,2024-04-10 09:00:00+08:00,600346.SH
1352,极度正面,2024-04-10 09:00:00+08:00,600346.SH
1353,极度正面,2024-04-10 09:00:00+08:00,600346.SH
1354,极度正面,2024-04-10 09:00:00+08:00,600346.SH
1355,极度正面,2024-04-10 09:00:00+08:00,600346.SH
1356,极度正面,2024-04-10 09:00:00+08:00,600346.SH
1357,极度正面,2024-04-10 09:00:00+08:00,600346.SH
1358,极度正面,2024-04-10 09:00:00+08:00,600346.SH
1359,极度正面,2024-04-10 09:00:00+08:00,600570.SH
1360,极度正面,2024-04-10 09:00:00+08:00,600887.SH
1361,极度正面,2024-04-10 09:00:00+08:00,600346.SH
1362,正面,2024-04-11 09:00:00+08:00,603160.SH
1363,正面,2024-04-11 09:00:00+08:00,603160.SH
1364,极度正面,2024-04-11 09:00:00+08:00,603160.SH
1365,极度正面,2024-04-11 09:00:00+08:00,603160.SH
1366,极度正面,2024-04-11 09:00:00+08:00,603160.SH
1367,极度负面,2024-04-11 09:00:00+08:00,603160.SH
1368,极度正面,2024-04-11 09:00:00+08:00,603160.SH
1369,极度正面,2024-04-11 09:00:00+08:00,603160.SH
1370,极度正面,2024-04-11 09:00:00+08:00,603160.SH
1371,极度正面,2024-04-11 09:00:00+08:00,603160.SH
1372,极度正面,2024-04-11 09:00:00+08:00,603160.SH
1373,极度正面,2024-04-11 09:00:00+08:00,603160.SH
1374,极度正面,2024-04-11 09:00:00+08:00,603160.SH
1375,极度正面,2024-04-11 09:00:00+08:00,603160.SH
1376,极度正面,2024-04-11 09:00:00+08:00,603160.SH
1377,极度正面,2024-04-11 09:00:00+08:00,603160.SH
1378,极度正面,2024-04-11 09:00:00+08:00,603160.SH
1379,极度正面,2024-04-11 09:00:00+08:00,603160.SH
1380,正面,2024-04-11 09:00:00+08:00,600050.SH
1381,中性,2024-04-11 09:00:00+08:00,600050.SH
1382,中性,2024-04-11 09:00:00+08:00,600050.SH
1383,极度正面,2024-04-11 09:00:00+08:00,600570.SH
1384,极度负面,2024-04-11 09:00:00+08:00,603160.SH
1385,极度正面,2024-04-11 09:00:00+08:00,603160.SH
1386,极度正面,2024-04-11 09:00:00+08:00,603160.SH
1387,极度正面,2024-04-11 09:00:00+08:00,603160.SH
1388,极度正面,2024-04-11 09:00:00+08:00,603160.SH
1389,极度正面,2024-04-11 09:00:00+08:00,603160.SH
1390,极度正面,2024-04-11 09:00:00+08:00,603160.SH
1391,极度正面,2024-04-11 09:00:00+08:00,603160.SH
1392,极度正面,2024-04-11 09:00:00+08:00,603160.SH
1393,极度正面,2024-04-11 09:00:00+08:00,603160.SH
1394,极度正面,2024-04-11 09:00:00+08:00,603160.SH
